date,parcel_id,ndvi,precipitation_sum,temperature_2m_max,target_ndvi_7d
2025-02-12,Parsel_A,0.3655541804130695,0.8,4.2,0.45473076101492516
2025-02-13,Parsel_A,0.3655541804130695,8.4,0.5,0.4844562878822104
2025-02-14,Parsel_A,0.3655541804130695,0.0,1.2,0.5141818147494956
2025-02-15,Parsel_A,0.3655541804130695,0.0,7.4,0.5439073416167808
2025-02-16,Parsel_A,0.3655541804130695,0.0,10.6,0.5736328684840661
2025-02-17,Parsel_A,0.3952797072803547,0.0,11.9,0.6033583953513513
2025-02-18,Parsel_A,0.4250052341476399,3.8,10.7,0.6330839222186365
2025-02-19,Parsel_A,0.45473076101492516,2.8,6.5,0.6628094490859218
2025-02-20,Parsel_A,0.4844562878822104,0.0,1.3,0.6649647668135499
2025-02-21,Parsel_A,0.5141818147494956,0.0,-2.0,0.6671200845411781
2025-02-22,Parsel_A,0.5439073416167808,0.2,-1.7,0.6692754022688063
2025-02-23,Parsel_A,0.5736328684840661,0.0,-2.3,0.6714307199964344
2025-02-24,Parsel_A,0.6033583953513513,0.0,-1.0,0.6735860377240626
2025-02-25,Parsel_A,0.6330839222186365,0.0,4.4,0.6757413554516908
2025-02-26,Parsel_A,0.6628094490859218,0.0,8.2,0.677896673179319
2025-02-27,Parsel_A,0.6649647668135499,0.0,9.0,0.6800519909069471
2025-02-28,Parsel_A,0.6671200845411781,0.0,9.9,0.6822073086345752
2025-03-01,Parsel_A,0.6692754022688063,0.6,10.4,0.6843626263622035
2025-03-02,Parsel_A,0.6714307199964344,0.0,12.9,0.6102882253103342
2025-03-03,Parsel_A,0.6735860377240626,4.7,5.9,0.5362138242584649
2025-03-04,Parsel_A,0.6757413554516908,0.0,8.9,0.4621394232065956
2025-03-05,Parsel_A,0.677896673179319,0.0,12.5,0.3880650221547263
2025-03-06,Parsel_A,0.6800519909069471,0.0,14.4,0.313990621102857
2025-03-07,Parsel_A,0.6822073086345752,0.0,14.5,0.40047315028564867
2025-03-08,Parsel_A,0.6843626263622035,0.0,16.1,0.4869556794684403
2025-03-09,Parsel_A,0.6102882253103342,0.0,18.7,0.5092504694731508
2025-03-10,Parsel_A,0.5362138242584649,0.0,19.1,0.5315452594778612
2025-03-11,Parsel_A,0.4621394232065956,0.0,20.9,0.5538400494825717
2025-03-12,Parsel_A,0.3880650221547263,0.0,21.5,0.5761348394872821
2025-03-13,Parsel_A,0.313990621102857,0.0,22.0,0.5984296294919925
2025-03-14,Parsel_A,0.40047315028564867,0.0,23.1,0.620724419496703
2025-03-15,Parsel_A,0.4869556794684403,0.0,25.0,0.6430192095014134
2025-03-16,Parsel_A,0.5092504694731508,0.0,27.5,0.6653139995061239
2025-03-17,Parsel_A,0.5315452594778612,1.0,23.2,0.6178412153499
2025-03-18,Parsel_A,0.5538400494825717,0.2,18.7,0.5703684311936761
2025-03-19,Parsel_A,0.5761348394872821,1.9,8.8,0.5612817966667927
2025-03-20,Parsel_A,0.5984296294919925,1.3,0.8,0.5521951621399093
2025-03-21,Parsel_A,0.620724419496703,0.0,2.9,0.5431085276130259
2025-03-22,Parsel_A,0.6430192095014134,0.0,8.9,0.5340218930861426
2025-03-23,Parsel_A,0.6653139995061239,0.0,14.8,0.5249352585592592
2025-03-24,Parsel_A,0.6178412153499,0.0,19.2,0.5158486240323757
2025-03-25,Parsel_A,0.5703684311936761,0.0,23.2,0.5067619895054923
2025-03-26,Parsel_A,0.5612817966667927,0.1,24.6,0.49767535497860893
2025-03-27,Parsel_A,0.5521951621399093,0.0,25.2,0.4885887204517256
2025-03-28,Parsel_A,0.5431085276130259,0.0,25.1,0.47950208592484217
2025-03-29,Parsel_A,0.5340218930861426,0.0,20.8,0.4704154513979588
2025-03-30,Parsel_A,0.5249352585592592,0.0,18.9,0.4613288168710754
2025-03-31,Parsel_A,0.5158486240323757,0.4,18.0,0.452242182344192
2025-04-01,Parsel_A,0.5067619895054923,1.4,18.7,0.425274206556354
2025-04-02,Parsel_A,0.49767535497860893,0.3,17.3,0.398306230768516
2025-04-03,Parsel_A,0.4885887204517256,0.3,16.4,0.37133825498067796
2025-04-04,Parsel_A,0.47950208592484217,5.5,16.6,0.34437027919283997
2025-04-05,Parsel_A,0.4704154513979588,0.1,17.6,0.317402303405002
2025-04-06,Parsel_A,0.4613288168710754,0.0,18.0,0.3351026985435937
2025-04-07,Parsel_A,0.452242182344192,0.0,20.2,0.3528030936821855
2025-04-08,Parsel_A,0.425274206556354,0.3,20.4,0.3705034888207772
2025-04-09,Parsel_A,0.398306230768516,2.8,17.3,0.388203883959369
2025-04-10,Parsel_A,0.37133825498067796,6.7,7.3,0.40590427909796073
2025-04-11,Parsel_A,0.34437027919283997,0.2,12.4,0.4132168975156456
2025-04-12,Parsel_A,0.317402303405002,0.0,9.8,0.4205295159333305
2025-04-13,Parsel_A,0.3351026985435937,1.0,9.1,0.42784213435101537
2025-04-14,Parsel_A,0.3528030936821855,0.0,8.6,0.43515475276870025
2025-04-15,Parsel_A,0.3705034888207772,0.0,13.8,0.44246737118638513
2025-04-16,Parsel_A,0.388203883959369,0.0,18.0,0.45169726785331427
2025-04-17,Parsel_A,0.40590427909796073,0.0,22.6,0.46092716452024335
2025-04-18,Parsel_A,0.4132168975156456,0.0,25.5,0.4701570611871725
2025-04-19,Parsel_A,0.4205295159333305,0.0,26.4,0.47938695785410157
2025-04-20,Parsel_A,0.42784213435101537,0.0,22.9,0.4886168545210307
2025-04-21,Parsel_A,0.43515475276870025,0.0,24.5,0.4978467511879598
2025-04-22,Parsel_A,0.44246737118638513,0.0,27.4,0.5070766478548889
2025-04-23,Parsel_A,0.45169726785331427,0.2,26.6,0.516306544521818
2025-04-24,Parsel_A,0.46092716452024335,0.0,24.7,0.5255364411887471
2025-04-25,Parsel_A,0.4701570611871725,0.0,20.7,0.5347663378556763
2025-04-26,Parsel_A,0.47938695785410157,2.0,19.4,0.5439962345226054
2025-04-27,Parsel_A,0.4886168545210307,0.1,21.4,0.5532261311895345
2025-04-28,Parsel_A,0.4978467511879598,0.0,22.4,0.5624560278564636
2025-04-29,Parsel_A,0.5070766478548889,38.3,14.3,0.5716859245233927
2025-04-30,Parsel_A,0.516306544521818,4.1,18.2,0.5809158211903218
2025-05-01,Parsel_A,0.5255364411887471,0.1,19.6,0.5687506699068163
2025-05-02,Parsel_A,0.5347663378556763,1.5,18.0,0.556585518623311
2025-05-03,Parsel_A,0.5439962345226054,1.9,17.1,0.5444203673398056
2025-05-04,Parsel_A,0.5532261311895345,0.0,19.8,0.5322552160563001
2025-05-05,Parsel_A,0.5624560278564636,0.0,21.5,0.5200900647727946
2025-05-06,Parsel_A,0.5716859245233927,0.0,24.1,0.5079249134892893
2025-05-07,Parsel_A,0.5809158211903218,0.0,27.0,0.4957597622057838
2025-05-08,Parsel_A,0.5687506699068163,2.1,22.6,0.4835946109222784
2025-05-09,Parsel_A,0.556585518623311,0.0,28.4,0.471429459638773
2025-05-10,Parsel_A,0.5444203673398056,0.3,30.2,0.45926430835526755
2025-05-11,Parsel_A,0.5322552160563001,0.6,27.3,0.4423978611716267
2025-05-12,Parsel_A,0.5200900647727946,2.5,27.0,0.4255314139879859
2025-05-13,Parsel_A,0.5079249134892893,1.2,20.5,0.40866496680434505
2025-05-14,Parsel_A,0.4957597622057838,0.2,20.9,0.3917985196207043
2025-05-15,Parsel_A,0.4835946109222784,0.0,20.1,0.37493207243706345
2025-05-16,Parsel_A,0.471429459638773,0.0,27.0,0.3607253655752219
2025-05-17,Parsel_A,0.45926430835526755,0.0,29.5,0.3465186587133803
2025-05-18,Parsel_A,0.4423978611716267,0.0,29.4,0.3323119518515387
2025-05-19,Parsel_A,0.4255314139879859,0.0,23.9,0.3181052449896971
2025-05-20,Parsel_A,0.40866496680434505,0.0,25.8,0.30389853812785556
2025-05-21,Parsel_A,0.3917985196207043,0.0,25.6,0.3168362525241636
2025-05-22,Parsel_A,0.37493207243706345,0.0,28.1,0.32977396692047156
2025-05-23,Parsel_A,0.3607253655752219,0.0,29.5,0.34271168131677954
2025-05-24,Parsel_A,0.3465186587133803,0.0,29.5,0.35564939571308757
2025-05-25,Parsel_A,0.3323119518515387,0.0,32.2,0.3685871101093956
2025-05-26,Parsel_A,0.3181052449896971,0.0,32.6,0.3815248245057036
2025-05-27,Parsel_A,0.30389853812785556,0.0,27.7,0.39446253890201155
2025-05-28,Parsel_A,0.3168362525241636,0.0,23.8,0.4074002532983196
2025-05-29,Parsel_A,0.32977396692047156,5.3,24.5,0.4203379676946276
2025-05-30,Parsel_A,0.34271168131677954,0.3,22.7,0.4332756820909356
2025-05-31,Parsel_A,0.35564939571308757,3.1,22.0,0.4195824051251725
2025-06-01,Parsel_A,0.3685871101093956,1.3,21.8,0.40588912815940936
2025-06-02,Parsel_A,0.3815248245057036,0.5,21.6,0.3921958511936462
2025-06-03,Parsel_A,0.39446253890201155,0.0,22.4,0.3785025742278831
2025-06-04,Parsel_A,0.4074002532983196,0.0,24.2,0.36480929726211997
2025-06-05,Parsel_A,0.4203379676946276,0.0,28.2,0.4521734475265095
2025-06-06,Parsel_A,0.4332756820909356,0.0,30.8,0.539537597790899
2025-06-07,Parsel_A,0.4195824051251725,0.0,31.2,0.5019922088407135
2025-06-08,Parsel_A,0.40588912815940936,0.0,30.5,0.4644468198905279
2025-06-09,Parsel_A,0.3921958511936462,0.0,32.8,0.42690143094034233
2025-06-10,Parsel_A,0.3785025742278831,0.0,32.5,0.4488444855164953
2025-06-11,Parsel_A,0.36480929726211997,0.0,31.1,0.4707875400926483
2025-06-12,Parsel_A,0.4521734475265095,0.0,33.2,0.4927305946688013
2025-06-13,Parsel_A,0.539537597790899,0.0,34.8,0.5146736492449543
2025-06-14,Parsel_A,0.5019922088407135,0.5,29.1,0.5366167038211073
2025-06-15,Parsel_A,0.4644468198905279,0.0,26.8,0.4641228310798999
2025-06-16,Parsel_A,0.42690143094034233,0.0,25.6,0.3916289583386925
2025-06-17,Parsel_A,0.4488444855164953,0.0,25.5,0.443551889296134
2025-06-18,Parsel_A,0.4707875400926483,0.0,27.5,0.4954748202535755
2025-06-19,Parsel_A,0.4927305946688013,0.0,30.0,0.547397751211017
2025-06-20,Parsel_A,0.5146736492449543,0.0,32.0,0.5478624546975379
2025-06-21,Parsel_A,0.5366167038211073,0.0,32.0,0.5483271581840589
2025-06-22,Parsel_A,0.4641228310798999,0.0,28.3,0.5487918616705799
2025-06-23,Parsel_A,0.3916289583386925,0.0,27.5,0.5492565651571009
2025-06-24,Parsel_A,0.443551889296134,0.0,29.8,0.5497212686436218
2025-06-25,Parsel_A,0.4954748202535755,0.0,33.0,0.4994147469025367
2025-06-26,Parsel_A,0.547397751211017,0.0,33.7,0.44910822516145155
2025-06-27,Parsel_A,0.5478624546975379,0.0,33.5,0.5118160809551849
2025-06-28,Parsel_A,0.5483271581840589,0.0,32.2,0.5745239367489183
2025-06-29,Parsel_A,0.5487918616705799,0.0,28.6,0.6372317925426517
2025-06-30,Parsel_A,0.5492565651571009,0.0,25.0,0.5876660235594816
2025-07-01,Parsel_A,0.5497212686436218,0.0,29.6,0.5381002545763116
2025-07-02,Parsel_A,0.4994147469025367,0.0,28.9,0.4885344855931415
2025-07-03,Parsel_A,0.44910822516145155,0.0,25.2,0.43896871660997144
2025-07-04,Parsel_A,0.5118160809551849,0.0,25.8,0.3894029476268014
2025-07-05,Parsel_A,0.5745239367489183,0.0,27.4,0.3614632158231936
2025-07-06,Parsel_A,0.6372317925426517,0.0,30.8,0.33352348401958576
2025-07-07,Parsel_A,0.5876660235594816,0.0,32.5,0.44674329905061
2025-07-08,Parsel_A,0.5381002545763116,0.0,34.4,0.5599631140816342
2025-07-09,Parsel_A,0.4885344855931415,0.0,35.5,0.6731829291126584
2025-07-10,Parsel_A,0.43896871660997144,0.0,37.0,0.6055131708472403
2025-07-11,Parsel_A,0.3894029476268014,0.0,37.6,0.5378434125818221
2025-07-12,Parsel_A,0.3614632158231936,0.0,37.7,0.470173654316404
2025-07-13,Parsel_A,0.33352348401958576,0.0,38.3,0.40250389605098585
2025-07-14,Parsel_A,0.44674329905061,0.0,38.5,0.3348341377855677
2025-07-15,Parsel_A,0.5599631140816342,0.0,37.8,0.45221922726639685
2025-07-16,Parsel_A,0.6731829291126584,0.0,33.9,0.569604316747226
2025-07-17,Parsel_A,0.6055131708472403,0.0,33.8,0.4839622706953073
2025-07-18,Parsel_A,0.5378434125818221,0.0,36.2,0.39832022464338857
2025-07-19,Parsel_A,0.470173654316404,0.0,34.3,0.3126781785914698
2025-07-20,Parsel_A,0.40250389605098585,0.0,33.3,0.3641486149593963
2025-07-21,Parsel_A,0.3348341377855677,0.0,34.1,0.4156190513273228
2025-07-22,Parsel_A,0.45221922726639685,0.0,34.7,0.46708948769524933
2025-07-23,Parsel_A,0.569604316747226,0.0,36.1,0.5185599240631759
2025-07-24,Parsel_A,0.4839622706953073,0.0,35.7,0.5700303604311023
2025-07-25,Parsel_A,0.39832022464338857,0.0,33.5,0.5324953963942782
2025-07-26,Parsel_A,0.3126781785914698,0.0,33.0,0.494960432357454
2025-07-27,Parsel_A,0.3641486149593963,0.0,36.8,0.4574254683206299
2025-07-28,Parsel_A,0.4156190513273228,0.0,39.5,0.41989050428380575
2025-07-29,Parsel_A,0.46708948769524933,0.0,39.0,0.3823555402469816
2025-07-30,Parsel_A,0.5185599240631759,0.0,38.8,0.39602939396095344
2025-07-31,Parsel_A,0.5700303604311023,0.0,37.2,0.4097032476749253
2025-08-01,Parsel_A,0.5324953963942782,0.0,36.4,0.42337710138889706
2025-08-02,Parsel_A,0.494960432357454,0.0,34.2,0.4370509551028689
2025-08-03,Parsel_A,0.4574254683206299,0.0,33.8,0.45072480881684074
2025-08-04,Parsel_A,0.41989050428380575,0.0,34.4,0.4643986625308126
2025-08-05,Parsel_A,0.3823555402469816,0.0,36.3,0.4780725162447844
2025-08-06,Parsel_A,0.39602939396095344,0.0,37.5,0.531766423780457
2025-08-07,Parsel_A,0.4097032476749253,0.0,36.3,0.5854603313161296
2025-08-08,Parsel_A,0.42337710138889706,0.0,34.0,0.6391542388518022
2025-08-09,Parsel_A,0.4370509551028689,0.0,34.2,0.6076214691942046
2025-08-10,Parsel_A,0.45072480881684074,0.0,34.3,0.576088699536607
2025-08-11,Parsel_A,0.4643986625308126,0.0,34.0,0.5445559298790094
2025-08-12,Parsel_A,0.4780725162447844,0.0,33.3,0.5130231602214117
2025-08-13,Parsel_A,0.531766423780457,0.0,34.0,0.48149039056381415
2025-08-14,Parsel_A,0.5854603313161296,0.0,36.3,0.41417869487465014
2025-08-15,Parsel_A,0.6391542388518022,0.0,37.7,0.34686699918548614
2025-08-16,Parsel_A,0.6076214691942046,0.0,33.2,0.42238366278496203
2025-08-17,Parsel_A,0.576088699536607,0.0,33.7,0.49790032638443793
2025-08-18,Parsel_A,0.5445559298790094,0.0,34.2,0.5734169899839139
2025-08-19,Parsel_A,0.5130231602214117,0.0,33.2,0.5467314569196016
2025-08-20,Parsel_A,0.48149039056381415,0.0,33.2,0.5200459238552892
2025-08-21,Parsel_A,0.41417869487465014,0.0,31.8,0.49336039079097693
2025-08-22,Parsel_A,0.34686699918548614,0.0,33.8,0.4666748577266646
2025-08-23,Parsel_A,0.42238366278496203,0.0,34.9,0.4399893246623523
2025-08-24,Parsel_A,0.49790032638443793,0.0,34.0,0.41330379159804
2025-08-25,Parsel_A,0.5734169899839139,0.0,30.5,0.38661825853372767
2025-08-26,Parsel_A,0.5467314569196016,0.0,30.0,0.4420777439921522
2025-08-27,Parsel_A,0.5200459238552892,0.0,29.4,0.4975372294505768
2025-08-28,Parsel_A,0.49336039079097693,0.0,29.0,0.5529967149090014
2025-08-29,Parsel_A,0.4666748577266646,0.0,31.1,0.5369066381994463
2025-08-30,Parsel_A,0.4399893246623523,0.0,33.3,0.5208165614898912
2025-08-31,Parsel_A,0.41330379159804,0.0,34.4,0.5047264847803361
2025-09-01,Parsel_A,0.38661825853372767,0.0,35.1,0.488636408070781
2025-09-02,Parsel_A,0.4420777439921522,0.0,33.0,0.4725463313612259
2025-09-03,Parsel_A,0.4975372294505768,0.0,30.0,0.4564562546516709
2025-09-04,Parsel_A,0.5529967149090014,0.0,28.5,0.4403661779421158
2025-09-05,Parsel_A,0.5369066381994463,0.0,29.9,0.500774303568773
2025-09-06,Parsel_A,0.5208165614898912,0.0,32.2,0.5611824291954302
2025-09-07,Parsel_A,0.5047264847803361,0.0,28.0,0.6215905548220872
2025-09-08,Parsel_A,0.488636408070781,0.4,25.9,0.5844585035965497
2025-09-09,Parsel_A,0.4725463313612259,0.0,25.5,0.5473264523710123
2025-09-10,Parsel_A,0.4564562546516709,0.0,26.9,0.5101944011454748
2025-09-11,Parsel_A,0.4403661779421158,0.0,26.2,0.47306234991993723
2025-09-12,Parsel_A,0.500774303568773,0.0,28.6,0.43593029869439975
2025-09-13,Parsel_A,0.5611824291954302,0.0,29.5,0.540326550142821
2025-09-14,Parsel_A,0.6215905548220872,0.0,28.5,0.6447228015912424
2025-09-15,Parsel_A,0.5844585035965497,0.0,30.4,0.5576349633265294
2025-09-16,Parsel_A,0.5473264523710123,0.0,29.6,0.4705471250618165
2025-09-17,Parsel_A,0.5101944011454748,0.0,29.6,0.3834592867971035
2025-09-18,Parsel_A,0.47306234991993723,0.0,25.0,0.385344871129991
2025-09-19,Parsel_A,0.43593029869439975,0.0,19.7,0.3872304554628785
2025-09-20,Parsel_A,0.540326550142821,0.0,23.0,0.389116039795766
2025-09-21,Parsel_A,0.6447228015912424,0.0,23.4,0.39100162412865347
2025-09-22,Parsel_A,0.5576349633265294,0.0,23.5,0.39288720846154096
2025-09-23,Parsel_A,0.4705471250618165,0.0,27.8,0.37818194454846454
2025-09-24,Parsel_A,0.3834592867971035,0.0,28.1,0.3634766806353882
2025-09-25,Parsel_A,0.385344871129991,0.0,27.6,0.4384286291043525
2025-09-26,Parsel_A,0.3872304554628785,0.0,26.0,0.5133805775733168
2025-09-27,Parsel_A,0.389116039795766,0.0,24.2,0.5883325260422811
2025-09-28,Parsel_A,0.39100162412865347,0.0,27.9,0.5755211282656559
2025-09-29,Parsel_A,0.39288720846154096,0.0,26.5,0.5627097304890307
2025-09-30,Parsel_A,0.37818194454846454,6.8,20.4,0.5498983327124055
2025-10-01,Parsel_A,0.3634766806353882,0.0,20.5,0.5370869349357802
2025-10-02,Parsel_A,0.4384286291043525,0.0,22.3,0.524275537159155
2025-10-03,Parsel_A,0.5133805775733168,0.0,25.1,0.5114641393825298
2025-10-04,Parsel_A,0.5883325260422811,0.0,27.7,0.49865274160590456
2025-10-05,Parsel_A,0.5755211282656559,0.0,23.4,0.5587444667528716
2025-10-06,Parsel_A,0.5627097304890307,0.0,25.2,0.6188361918998386
2025-10-07,Parsel_A,0.5498983327124055,0.0,23.1,0.6789279170468057
2025-10-08,Parsel_A,0.5370869349357802,0.9,21.1,0.6272155937175035
2025-10-09,Parsel_A,0.524275537159155,0.2,17.7,0.5755032703882014
2025-10-10,Parsel_A,0.5114641393825298,0.0,17.4,0.5237909470588993
2025-10-11,Parsel_A,0.49865274160590456,0.0,19.5,0.4720786237295971
2025-10-12,Parsel_A,0.5587444667528716,2.4,11.6,0.42036630040029493
2025-10-13,Parsel_A,0.6188361918998386,0.0,14.9,0.45439811968831906
2025-10-14,Parsel_A,0.6789279170468057,0.0,18.2,0.48842993897634324
2025-10-15,Parsel_A,0.6272155937175035,0.0,19.5,0.5224617582643674
2025-10-16,Parsel_A,0.5755032703882014,0.0,20.5,0.5564935775523915
2025-10-17,Parsel_A,0.5237909470588993,0.0,21.1,0.5905253968404156
2025-10-18,Parsel_A,0.4720786237295971,0.0,22.8,0.5946476582338255
2025-10-19,Parsel_A,0.42036630040029493,0.0,21.4,0.5987699196272354
2025-10-20,Parsel_A,0.45439811968831906,0.0,19.1,0.6028921810206452
2025-10-21,Parsel_A,0.48842993897634324,0.0,19.6,0.6070144424140551
2025-10-22,Parsel_A,0.5224617582643674,0.1,22.1,0.611136703807465
2025-10-23,Parsel_A,0.5564935775523915,0.0,22.8,0.6152589652008749
2025-10-24,Parsel_A,0.5905253968404156,0.0,24.0,0.6193812265942847
2025-10-25,Parsel_A,0.5946476582338255,0.0,24.0,0.5915393791963436
2025-10-26,Parsel_A,0.5987699196272354,0.0,21.6,0.5636975317984025
2025-10-27,Parsel_A,0.6028921810206452,0.0,25.1,0.5358556844004614
2025-10-28,Parsel_A,0.6070144424140551,0.2,24.5,0.5080138370025203
2025-10-29,Parsel_A,0.611136703807465,0.0,17.1,0.4801719896045792
2025-10-30,Parsel_A,0.6152589652008749,0.0,17.3,0.4523301422066381
2025-10-31,Parsel_A,0.6193812265942847,0.0,21.0,0.424488294808697
2025-11-01,Parsel_A,0.5915393791963436,0.0,20.1,0.3966464474107559
2025-11-02,Parsel_A,0.5636975317984025,0.0,18.9,0.4114686880161121
2025-11-03,Parsel_A,0.5358556844004614,0.0,23.0,0.4262909286214683
2025-11-04,Parsel_A,0.5080138370025203,0.0,21.5,0.4411131692268245
2025-11-05,Parsel_A,0.4801719896045792,0.0,21.8,0.45593540983218067
2025-11-06,Parsel_A,0.4523301422066381,0.0,21.5,0.4707576504375368
2025-11-07,Parsel_A,0.424488294808697,0.2,22.0,0.485579891042893
2025-11-08,Parsel_A,0.3966464474107559,0.0,21.1,0.5004021316482492
2025-11-09,Parsel_A,0.4114686880161121,0.0,20.6,0.5152243722536054
2025-11-10,Parsel_A,0.4262909286214683,0.0,22.0,0.5300466128589616
2025-11-11,Parsel_A,0.4411131692268245,0.0,21.5,0.5448688534643178
2025-11-12,Parsel_A,0.45593540983218067,0.0,18.5,0.4665249994321116
2025-11-13,Parsel_A,0.4707576504375368,0.3,15.8,0.38818114539990545
2025-11-14,Parsel_A,0.485579891042893,0.5,12.4,0.4140708113416945
2025-11-15,Parsel_A,0.5004021316482492,0.0,8.1,0.4399604772834835
2025-11-16,Parsel_A,0.5152243722536054,0.0,13.6,0.4658501432252725
2025-11-17,Parsel_A,0.5300466128589616,0.0,16.4,0.4852871865015177
2025-11-18,Parsel_A,0.5448688534643178,0.0,16.8,0.5047242297777629
2025-11-19,Parsel_A,0.4665249994321116,0.0,18.2,0.5241612730540081
2025-11-20,Parsel_A,0.38818114539990545,0.0,19.4,0.5435983163302532
2025-11-21,Parsel_A,0.4140708113416945,0.0,20.0,0.5630353596064984
2025-11-22,Parsel_A,0.4399604772834835,0.0,24.2,0.5824724028827436
2025-11-23,Parsel_A,0.4658501432252725,0.0,23.1,0.6019094461589888
2025-11-24,Parsel_A,0.4852871865015177,1.1,20.9,0.621346489435234
2025-11-25,Parsel_A,0.5047242297777629,0.9,14.7,0.6407835327114791
2025-11-26,Parsel_A,0.5241612730540081,0.0,16.6,0.6602205759877243
2025-11-27,Parsel_A,0.5435983163302532,0.0,16.9,0.6377102056647468
2025-11-28,Parsel_A,0.5630353596064984,0.0,16.0,0.6151998353417691
2025-11-29,Parsel_A,0.5824724028827436,0.0,18.7,0.5926894650187916
2025-11-30,Parsel_A,0.6019094461589888,3.9,13.6,0.570179094695814
2025-12-01,Parsel_A,0.621346489435234,0.0,12.3,0.5476687243728364
2025-12-02,Parsel_A,0.6407835327114791,0.0,11.6,0.5251583540498588
2025-12-03,Parsel_A,0.6602205759877243,0.0,11.4,0.5026479837268812
2025-12-04,Parsel_A,0.6377102056647468,0.0,11.9,0.4801376134039037
2025-12-05,Parsel_A,0.6151998353417691,4.3,13.2,0.45762724308092606
2025-12-06,Parsel_A,0.5926894650187916,15.0,15.1,0.4351168727579485
2025-12-07,Parsel_A,0.570179094695814,0.5,12.4,0.41260650243497093
2025-12-08,Parsel_A,0.5476687243728364,0.0,10.1,0.39009613211199334
2025-12-09,Parsel_A,0.5251583540498588,1.9,7.9,0.36758576178901575
2025-12-10,Parsel_A,0.5026479837268812,0.2,9.2,0.3450753914660382
2025-12-11,Parsel_A,0.4801376134039037,2.0,8.9,0.3225650211430606
2025-12-12,Parsel_A,0.45762724308092606,0.0,8.1,0.3869398037722732
2025-12-13,Parsel_A,0.4351168727579485,0.0,8.3,0.4513145864014858
2025-12-14,Parsel_A,0.41260650243497093,0.0,7.4,0.4579919102491124
2025-12-15,Parsel_A,0.39009613211199334,0.1,7.1,0.46466923409673894
2025-12-16,Parsel_A,0.36758576178901575,0.0,4.6,0.47134655794436553
2025-12-17,Parsel_A,0.3450753914660382,0.0,4.7,0.47802388179199207
2025-12-18,Parsel_A,0.3225650211430606,0.0,6.3,0.48470120563961866
2025-12-19,Parsel_A,0.3869398037722732,0.0,7.9,0.49137852948724525
2025-12-20,Parsel_A,0.4513145864014858,0.0,7.7,0.4980558533348718
2025-12-21,Parsel_A,0.4579919102491124,0.1,9.4,0.5047331771824983
2025-12-22,Parsel_A,0.46466923409673894,0.0,9.4,0.511410501030125
2025-12-23,Parsel_A,0.47134655794436553,0.0,11.6,0.5180878248777515
2025-12-24,Parsel_A,0.47802388179199207,0.0,10.8,0.5180878248777515
2025-12-25,Parsel_A,0.48470120563961866,0.3,9.9,0.5180878248777515
2025-12-26,Parsel_A,0.49137852948724525,0.8,8.0,0.5180878248777515
2025-12-27,Parsel_A,0.4980558533348718,2.1,3.5,0.5180878248777515
2025-12-28,Parsel_A,0.5047331771824983,0.0,2.5,0.5180878248777515
2025-12-29,Parsel_A,0.511410501030125,0.9,0.6,0.5180878248777515
2025-12-30,Parsel_A,0.5180878248777515,5.6,7.1,0.5180878248777515
2025-12-31,Parsel_A,0.5180878248777515,35.0,4.7,0.5180878248777515
2026-01-01,Parsel_A,0.5180878248777515,3.0,-0.6,0.5180878248777515
2026-01-02,Parsel_A,0.5180878248777515,0.0,-5.0,0.5180878248777515
2026-01-03,Parsel_A,0.5180878248777515,0.0,2.0,0.5180878248777515
2026-01-04,Parsel_A,0.5180878248777515,0.0,5.6,0.5180878248777515
2026-01-05,Parsel_A,0.5180878248777515,0.0,8.9,0.5180878248777515
2026-01-06,Parsel_A,0.5180878248777515,0.0,10.2,0.5180878248777515
2026-01-07,Parsel_A,0.5180878248777515,0.6,13.1,0.5180878248777515
2026-01-08,Parsel_A,0.5180878248777515,5.9,16.8,0.5180878248777515
2026-01-09,Parsel_A,0.5180878248777515,5.4,7.1,0.5180878248777515
2026-01-10,Parsel_A,0.5180878248777515,0.7,10.4,0.5180878248777515
2026-01-11,Parsel_A,0.5180878248777515,1.8,12.3,0.5180878248777515
2026-01-12,Parsel_A,0.5180878248777515,19.2,6.1,0.5180878248777515
2026-01-13,Parsel_A,0.5180878248777515,0.9,1.5,0.5180878248777515
2026-01-14,Parsel_A,0.5180878248777515,0.0,0.1,0.5180878248777515
2026-01-15,Parsel_A,0.5180878248777515,0.1,3.7,0.5180878248777515
2026-01-16,Parsel_A,0.5180878248777515,0.0,6.8,0.5180878248777515
2026-01-17,Parsel_A,0.5180878248777515,0.6,2.0,0.5180878248777515
2026-01-18,Parsel_A,0.5180878248777515,0.1,-0.3,0.5180878248777515
2026-01-19,Parsel_A,0.5180878248777515,0.0,-0.9,0.5180878248777515
2026-01-20,Parsel_A,0.5180878248777515,0.1,0.2,0.5180878248777515
2026-01-21,Parsel_A,0.5180878248777515,0.0,0.6,0.5180878248777515
2026-01-22,Parsel_A,0.5180878248777515,6.3,9.1,0.5180878248777515
2026-01-23,Parsel_A,0.5180878248777515,5.4,9.7,0.5180878248777515
2026-01-24,Parsel_A,0.5180878248777515,5.7,6.4,0.5180878248777515
2026-01-25,Parsel_A,0.5180878248777515,0.0,11.5,0.5180878248777515
2026-01-26,Parsel_A,0.5180878248777515,0.0,14.6,0.5180878248777515
2026-01-27,Parsel_A,0.5180878248777515,0.8,11.6,0.5180878248777515
2026-01-28,Parsel_A,0.5180878248777515,3.5,9.9,0.5180878248777515
2026-01-29,Parsel_A,0.5180878248777515,0.1,13.0,0.5180878248777515
2025-02-12,Parsel_B,0.519404855667652,0.8,4.2,0.5645070964693636
2025-02-13,Parsel_B,0.519404855667652,8.4,0.5,0.5795411767366008
2025-02-14,Parsel_B,0.519404855667652,0.0,1.2,0.5945752570038378
2025-02-15,Parsel_B,0.519404855667652,0.0,7.4,0.6096093372710751
2025-02-16,Parsel_B,0.519404855667652,0.0,10.6,0.6246434175383122
2025-02-17,Parsel_B,0.5344389359348892,0.0,11.9,0.6396774978055494
2025-02-18,Parsel_B,0.5494730162021264,3.8,10.7,0.6547115780727866
2025-02-19,Parsel_B,0.5645070964693636,2.8,6.5,0.6697456583400238
2025-02-20,Parsel_B,0.5795411767366008,0.0,1.3,0.664019296922711
2025-02-21,Parsel_B,0.5945752570038378,0.0,-2.0,0.6582929355053982
2025-02-22,Parsel_B,0.6096093372710751,0.2,-1.7,0.6525665740880855
2025-02-23,Parsel_B,0.6246434175383122,0.0,-2.3,0.6468402126707727
2025-02-24,Parsel_B,0.6396774978055494,0.0,-1.0,0.64111385125346
2025-02-25,Parsel_B,0.6547115780727866,0.0,4.4,0.6353874898361471
2025-02-26,Parsel_B,0.6697456583400238,0.0,8.2,0.6296611284188344
2025-02-27,Parsel_B,0.664019296922711,0.0,9.0,0.6239347670015216
2025-02-28,Parsel_B,0.6582929355053982,0.0,9.9,0.6182084055842089
2025-03-01,Parsel_B,0.6525665740880855,0.6,10.4,0.6124820441668961
2025-03-02,Parsel_B,0.6468402126707727,0.0,12.9,0.5978115387682956
2025-03-03,Parsel_B,0.64111385125346,4.7,5.9,0.5831410333696951
2025-03-04,Parsel_B,0.6353874898361471,0.0,8.9,0.5684705279710945
2025-03-05,Parsel_B,0.6296611284188344,0.0,12.5,0.553800022572494
2025-03-06,Parsel_B,0.6239347670015216,0.0,14.4,0.5391295171738936
2025-03-07,Parsel_B,0.6182084055842089,0.0,14.5,0.5613302809697966
2025-03-08,Parsel_B,0.6124820441668961,0.0,16.1,0.5835310447656998
2025-03-09,Parsel_B,0.5978115387682956,0.0,18.7,0.5978165121236201
2025-03-10,Parsel_B,0.5831410333696951,0.0,19.1,0.6121019794815403
2025-03-11,Parsel_B,0.5684705279710945,0.0,20.9,0.6263874468394605
2025-03-12,Parsel_B,0.553800022572494,0.0,21.5,0.6406729141973807
2025-03-13,Parsel_B,0.5391295171738936,0.0,22.0,0.654958381555301
2025-03-14,Parsel_B,0.5613302809697966,0.0,23.1,0.6692438489132211
2025-03-15,Parsel_B,0.5835310447656998,0.0,25.0,0.6835293162711413
2025-03-16,Parsel_B,0.5978165121236201,0.0,27.5,0.6978147836290616
2025-03-17,Parsel_B,0.6121019794815403,1.0,23.2,0.5880412590916142
2025-03-18,Parsel_B,0.6263874468394605,0.2,18.7,0.4782677345541668
2025-03-19,Parsel_B,0.6406729141973807,1.9,8.8,0.48797169374715643
2025-03-20,Parsel_B,0.654958381555301,1.3,0.8,0.4976756529401461
2025-03-21,Parsel_B,0.6692438489132211,0.0,2.9,0.5073796121331358
2025-03-22,Parsel_B,0.6835293162711413,0.0,8.9,0.5170835713261254
2025-03-23,Parsel_B,0.6978147836290616,0.0,14.8,0.526787530519115
2025-03-24,Parsel_B,0.5880412590916142,0.0,19.2,0.5364914897121046
2025-03-25,Parsel_B,0.4782677345541668,0.0,23.2,0.5461954489050943
2025-03-26,Parsel_B,0.48797169374715643,0.1,24.6,0.5558994080980839
2025-03-27,Parsel_B,0.4976756529401461,0.0,25.2,0.5656033672910735
2025-03-28,Parsel_B,0.5073796121331358,0.0,25.1,0.5753073264840631
2025-03-29,Parsel_B,0.5170835713261254,0.0,20.8,0.5850112856770529
2025-03-30,Parsel_B,0.526787530519115,0.0,18.9,0.5947152448700425
2025-03-31,Parsel_B,0.5364914897121046,0.4,18.0,0.6044192040630321
2025-04-01,Parsel_B,0.5461954489050943,1.4,18.7,0.6050158531911258
2025-04-02,Parsel_B,0.5558994080980839,0.3,17.3,0.6056125023192197
2025-04-03,Parsel_B,0.5656033672910735,0.3,16.4,0.6062091514473135
2025-04-04,Parsel_B,0.5753073264840631,5.5,16.6,0.6068058005754073
2025-04-05,Parsel_B,0.5850112856770529,0.1,17.6,0.6074024497035011
2025-04-06,Parsel_B,0.5947152448700425,0.0,18.0,0.5869805693340256
2025-04-07,Parsel_B,0.6044192040630321,0.0,20.2,0.5665586889645503
2025-04-08,Parsel_B,0.6050158531911258,0.3,20.4,0.5461368085950749
2025-04-09,Parsel_B,0.6056125023192197,2.8,17.3,0.5257149282255995
2025-04-10,Parsel_B,0.6062091514473135,6.7,7.3,0.5052930478561241
2025-04-11,Parsel_B,0.6068058005754073,0.2,12.4,0.47322827437744885
2025-04-12,Parsel_B,0.6074024497035011,0.0,9.8,0.4411635008987737
2025-04-13,Parsel_B,0.5869805693340256,1.0,9.1,0.4090987274200985
2025-04-14,Parsel_B,0.5665586889645503,0.0,8.6,0.37703395394142336
2025-04-15,Parsel_B,0.5461368085950749,0.0,13.8,0.34496918046274816
2025-04-16,Parsel_B,0.5257149282255995,0.0,18.0,0.3585659163263746
2025-04-17,Parsel_B,0.5052930478561241,0.0,22.6,0.37216265219000094
2025-04-18,Parsel_B,0.47322827437744885,0.0,25.5,0.38575938805362736
2025-04-19,Parsel_B,0.4411635008987737,0.0,26.4,0.3993561239172537
2025-04-20,Parsel_B,0.4090987274200985,0.0,22.9,0.41295285978088014
2025-04-21,Parsel_B,0.37703395394142336,0.0,24.5,0.42654959564450656
2025-04-22,Parsel_B,0.34496918046274816,0.0,27.4,0.4401463315081329
2025-04-23,Parsel_B,0.3585659163263746,0.2,26.6,0.45374306737175935
2025-04-24,Parsel_B,0.37216265219000094,0.0,24.7,0.4673398032353857
2025-04-25,Parsel_B,0.38575938805362736,0.0,20.7,0.48093653909901213
2025-04-26,Parsel_B,0.3993561239172537,2.0,19.4,0.49453327496263855
2025-04-27,Parsel_B,0.41295285978088014,0.1,21.4,0.508130010826265
2025-04-28,Parsel_B,0.42654959564450656,0.0,22.4,0.5217267466898913
2025-04-29,Parsel_B,0.4401463315081329,38.3,14.3,0.5353234825535177
2025-04-30,Parsel_B,0.45374306737175935,4.1,18.2,0.5489202184171441
2025-05-01,Parsel_B,0.4673398032353857,0.1,19.6,0.5481729114302141
2025-05-02,Parsel_B,0.48093653909901213,1.5,18.0,0.5474256044432841
2025-05-03,Parsel_B,0.49453327496263855,1.9,17.1,0.5466782974563542
2025-05-04,Parsel_B,0.508130010826265,0.0,19.8,0.5459309904694242
2025-05-05,Parsel_B,0.5217267466898913,0.0,21.5,0.5451836834824941
2025-05-06,Parsel_B,0.5353234825535177,0.0,24.1,0.5444363764955642
2025-05-07,Parsel_B,0.5489202184171441,0.0,27.0,0.5436890695086343
2025-05-08,Parsel_B,0.5481729114302141,2.1,22.6,0.5429417625217042
2025-05-09,Parsel_B,0.5474256044432841,0.0,28.4,0.5421944555347742
2025-05-10,Parsel_B,0.5466782974563542,0.3,30.2,0.5414471485478443
2025-05-11,Parsel_B,0.5459309904694242,0.6,27.3,0.5008655227091976
2025-05-12,Parsel_B,0.5451836834824941,2.5,27.0,0.46028389687055093
2025-05-13,Parsel_B,0.5444363764955642,1.2,20.5,0.4197022710319043
2025-05-14,Parsel_B,0.5436890695086343,0.2,20.9,0.3791206451932576
2025-05-15,Parsel_B,0.5429417625217042,0.0,20.1,0.33853901935461095
2025-05-16,Parsel_B,0.5421944555347742,0.0,27.0,0.40821701016071904
2025-05-17,Parsel_B,0.5414471485478443,0.0,29.5,0.47789500096682713
2025-05-18,Parsel_B,0.5008655227091976,0.0,29.4,0.5475729917729353
2025-05-19,Parsel_B,0.46028389687055093,0.0,23.9,0.6172509825790433
2025-05-20,Parsel_B,0.4197022710319043,0.0,25.8,0.6869289733851515
2025-05-21,Parsel_B,0.3791206451932576,0.0,25.6,0.6842185578771866
2025-05-22,Parsel_B,0.33853901935461095,0.0,28.1,0.6815081423692216
2025-05-23,Parsel_B,0.40821701016071904,0.0,29.5,0.6787977268612567
2025-05-24,Parsel_B,0.47789500096682713,0.0,29.5,0.6760873113532918
2025-05-25,Parsel_B,0.5475729917729353,0.0,32.2,0.673376895845327
2025-05-26,Parsel_B,0.6172509825790433,0.0,32.6,0.6706664803373621
2025-05-27,Parsel_B,0.6869289733851515,0.0,27.7,0.6679560648293972
2025-05-28,Parsel_B,0.6842185578771866,0.0,23.8,0.6652456493214323
2025-05-29,Parsel_B,0.6815081423692216,5.3,24.5,0.6625352338134674
2025-05-30,Parsel_B,0.6787977268612567,0.3,22.7,0.6598248183055024
2025-05-31,Parsel_B,0.6760873113532918,3.1,22.0,0.5911481990729212
2025-06-01,Parsel_B,0.673376895845327,1.3,21.8,0.5224715798403399
2025-06-02,Parsel_B,0.6706664803373621,0.5,21.6,0.45379496060775865
2025-06-03,Parsel_B,0.6679560648293972,0.0,22.4,0.38511834137517736
2025-06-04,Parsel_B,0.6652456493214323,0.0,24.2,0.3164417221425961
2025-06-05,Parsel_B,0.6625352338134674,0.0,28.2,0.32770601732407956
2025-06-06,Parsel_B,0.6598248183055024,0.0,30.8,0.33897031250556303
2025-06-07,Parsel_B,0.5911481990729212,0.0,31.2,0.3443947343785174
2025-06-08,Parsel_B,0.5224715798403399,0.0,30.5,0.3498191562514718
2025-06-09,Parsel_B,0.45379496060775865,0.0,32.8,0.3552435781244262
2025-06-10,Parsel_B,0.38511834137517736,0.0,32.5,0.3878312044520713
2025-06-11,Parsel_B,0.3164417221425961,0.0,31.1,0.4204188307797164
2025-06-12,Parsel_B,0.32770601732407956,0.0,33.2,0.45300645710736154
2025-06-13,Parsel_B,0.33897031250556303,0.0,34.8,0.48559408343500665
2025-06-14,Parsel_B,0.3443947343785174,0.5,29.1,0.5181817097626518
2025-06-15,Parsel_B,0.3498191562514718,0.0,26.8,0.5580706736517514
2025-06-16,Parsel_B,0.3552435781244262,0.0,25.6,0.5979596375408511
2025-06-17,Parsel_B,0.3878312044520713,0.0,25.5,0.5574962280727369
2025-06-18,Parsel_B,0.4204188307797164,0.0,27.5,0.5170328186046226
2025-06-19,Parsel_B,0.45300645710736154,0.0,30.0,0.47656940913650836
2025-06-20,Parsel_B,0.48559408343500665,0.0,32.0,0.4921837294034341
2025-06-21,Parsel_B,0.5181817097626518,0.0,32.0,0.5077980496703598
2025-06-22,Parsel_B,0.5580706736517514,0.0,28.3,0.5234123699372855
2025-06-23,Parsel_B,0.5979596375408511,0.0,27.5,0.5390266902042112
2025-06-24,Parsel_B,0.5574962280727369,0.0,29.8,0.5546410104711369
2025-06-25,Parsel_B,0.5170328186046226,0.0,33.0,0.6229678682558968
2025-06-26,Parsel_B,0.47656940913650836,0.0,33.7,0.6912947260406566
2025-06-27,Parsel_B,0.4921837294034341,0.0,33.5,0.5849631829096792
2025-06-28,Parsel_B,0.5077980496703598,0.0,32.2,0.4786316397787017
2025-06-29,Parsel_B,0.5234123699372855,0.0,28.6,0.37230009664772434
2025-06-30,Parsel_B,0.5390266902042112,0.0,25.0,0.398373956702659
2025-07-01,Parsel_B,0.5546410104711369,0.0,29.6,0.4244478167575937
2025-07-02,Parsel_B,0.6229678682558968,0.0,28.9,0.4505216768125284
2025-07-03,Parsel_B,0.6912947260406566,0.0,25.2,0.4765955368674631
2025-07-04,Parsel_B,0.5849631829096792,0.0,25.8,0.5026693969223978
2025-07-05,Parsel_B,0.4786316397787017,0.0,27.4,0.4606105244156059
2025-07-06,Parsel_B,0.37230009664772434,0.0,30.8,0.4185516519088141
2025-07-07,Parsel_B,0.398373956702659,0.0,32.5,0.5024279075636223
2025-07-08,Parsel_B,0.4244478167575937,0.0,34.4,0.5863041632184305
2025-07-09,Parsel_B,0.4505216768125284,0.0,35.5,0.6701804188732388
2025-07-10,Parsel_B,0.4765955368674631,0.0,37.0,0.6124150744160041
2025-07-11,Parsel_B,0.5026693969223978,0.0,37.6,0.5546497299587694
2025-07-12,Parsel_B,0.4606105244156059,0.0,37.7,0.49688438550153463
2025-07-13,Parsel_B,0.4185516519088141,0.0,38.3,0.4391190410442999
2025-07-14,Parsel_B,0.5024279075636223,0.0,38.5,0.3813536965870652
2025-07-15,Parsel_B,0.5863041632184305,0.0,37.8,0.4528856032988476
2025-07-16,Parsel_B,0.6701804188732388,0.0,33.9,0.52441751001063
2025-07-17,Parsel_B,0.6124150744160041,0.0,33.8,0.4820675646534084
2025-07-18,Parsel_B,0.5546497299587694,0.0,36.2,0.43971761929618686
2025-07-19,Parsel_B,0.49688438550153463,0.0,34.3,0.39736767393896527
2025-07-20,Parsel_B,0.4391190410442999,0.0,33.3,0.4515115929325644
2025-07-21,Parsel_B,0.3813536965870652,0.0,34.1,0.5056555119261634
2025-07-22,Parsel_B,0.4528856032988476,0.0,34.7,0.5597994309197626
2025-07-23,Parsel_B,0.52441751001063,0.0,36.1,0.6139433499133617
2025-07-24,Parsel_B,0.4820675646534084,0.0,35.7,0.6680872689069608
2025-07-25,Parsel_B,0.43971761929618686,0.0,33.5,0.5986205977368804
2025-07-26,Parsel_B,0.39736767393896527,0.0,33.0,0.5291539265668
2025-07-27,Parsel_B,0.4515115929325644,0.0,36.8,0.4596872553967197
2025-07-28,Parsel_B,0.5056555119261634,0.0,39.5,0.3902205842266393
2025-07-29,Parsel_B,0.5597994309197626,0.0,39.0,0.3207539130565589
2025-07-30,Parsel_B,0.6139433499133617,0.0,38.8,0.3284428102101164
2025-07-31,Parsel_B,0.6680872689069608,0.0,37.2,0.33613170736367387
2025-08-01,Parsel_B,0.5986205977368804,0.0,36.4,0.34382060451723134
2025-08-02,Parsel_B,0.5291539265668,0.0,34.2,0.35150950167078876
2025-08-03,Parsel_B,0.4596872553967197,0.0,33.8,0.35919839882434623
2025-08-04,Parsel_B,0.3902205842266393,0.0,34.4,0.3668872959779037
2025-08-05,Parsel_B,0.3207539130565589,0.0,36.3,0.3745761931314612
2025-08-06,Parsel_B,0.3284428102101164,0.0,37.5,0.4337488581863192
2025-08-07,Parsel_B,0.33613170736367387,0.0,36.3,0.4929215232411773
2025-08-08,Parsel_B,0.34382060451723134,0.0,34.0,0.5520941882960353
2025-08-09,Parsel_B,0.35150950167078876,0.0,34.2,0.5422095716317671
2025-08-10,Parsel_B,0.35919839882434623,0.0,34.3,0.5323249549674989
2025-08-11,Parsel_B,0.3668872959779037,0.0,34.0,0.5224403383032307
2025-08-12,Parsel_B,0.3745761931314612,0.0,33.3,0.5125557216389625
2025-08-13,Parsel_B,0.4337488581863192,0.0,34.0,0.5026711049746942
2025-08-14,Parsel_B,0.4929215232411773,0.0,36.3,0.5481173738235845
2025-08-15,Parsel_B,0.5520941882960353,0.0,37.7,0.5935636426724747
2025-08-16,Parsel_B,0.5422095716317671,0.0,33.2,0.6072545325840263
2025-08-17,Parsel_B,0.5323249549674989,0.0,33.7,0.6209454224955777
2025-08-18,Parsel_B,0.5224403383032307,0.0,34.2,0.6346363124071293
2025-08-19,Parsel_B,0.5125557216389625,0.0,33.2,0.6384160496317036
2025-08-20,Parsel_B,0.5026711049746942,0.0,33.2,0.6421957868562779
2025-08-21,Parsel_B,0.5481173738235845,0.0,31.8,0.6459755240808522
2025-08-22,Parsel_B,0.5935636426724747,0.0,33.8,0.6497552613054265
2025-08-23,Parsel_B,0.6072545325840263,0.0,34.9,0.6535349985300009
2025-08-24,Parsel_B,0.6209454224955777,0.0,34.0,0.6573147357545751
2025-08-25,Parsel_B,0.6346363124071293,0.0,30.5,0.6610944729791495
2025-08-26,Parsel_B,0.6384160496317036,0.0,30.0,0.5645656473211151
2025-08-27,Parsel_B,0.6421957868562779,0.0,29.4,0.4680368216630808
2025-08-28,Parsel_B,0.6459755240808522,0.0,29.0,0.3715079960050464
2025-08-29,Parsel_B,0.6497552613054265,0.0,31.1,0.37239304257195077
2025-08-30,Parsel_B,0.6535349985300009,0.0,33.3,0.3732780891388552
2025-08-31,Parsel_B,0.6573147357545751,0.0,34.4,0.37416313570575954
2025-09-01,Parsel_B,0.6610944729791495,0.0,35.1,0.3750481822726639
2025-09-02,Parsel_B,0.5645656473211151,0.0,33.0,0.37593322883956826
2025-09-03,Parsel_B,0.4680368216630808,0.0,30.0,0.37681827540647267
2025-09-04,Parsel_B,0.3715079960050464,0.0,28.5,0.377703321973377
2025-09-05,Parsel_B,0.37239304257195077,0.0,29.9,0.4610918897288002
2025-09-06,Parsel_B,0.3732780891388552,0.0,32.2,0.5444804574842235
2025-09-07,Parsel_B,0.37416313570575954,0.0,28.0,0.6278690252396466
2025-09-08,Parsel_B,0.3750481822726639,0.4,25.9,0.6019147521877023
2025-09-09,Parsel_B,0.37593322883956826,0.0,25.5,0.575960479135758
2025-09-10,Parsel_B,0.37681827540647267,0.0,26.9,0.5500062060838138
2025-09-11,Parsel_B,0.377703321973377,0.0,26.2,0.5240519330318695
2025-09-12,Parsel_B,0.4610918897288002,0.0,28.6,0.49809765997992517
2025-09-13,Parsel_B,0.5444804574842235,0.0,29.5,0.5223848214946065
2025-09-14,Parsel_B,0.6278690252396466,0.0,28.5,0.5466719830092879
2025-09-15,Parsel_B,0.6019147521877023,0.0,30.4,0.551214748896275
2025-09-16,Parsel_B,0.575960479135758,0.0,29.6,0.555757514783262
2025-09-17,Parsel_B,0.5500062060838138,0.0,29.6,0.5603002806702491
2025-09-18,Parsel_B,0.5240519330318695,0.0,25.0,0.5572546429910062
2025-09-19,Parsel_B,0.49809765997992517,0.0,19.7,0.5542090053117634
2025-09-20,Parsel_B,0.5223848214946065,0.0,23.0,0.5511633676325205
2025-09-21,Parsel_B,0.5466719830092879,0.0,23.4,0.5481177299532777
2025-09-22,Parsel_B,0.551214748896275,0.0,23.5,0.5450720922740349
2025-09-23,Parsel_B,0.555757514783262,0.0,27.8,0.45127901424343597
2025-09-24,Parsel_B,0.5603002806702491,0.0,28.1,0.35748593621283714
2025-09-25,Parsel_B,0.5572546429910062,0.0,27.6,0.4237477489393454
2025-09-26,Parsel_B,0.5542090053117634,0.0,26.0,0.4900095616658537
2025-09-27,Parsel_B,0.5511633676325205,0.0,24.2,0.556271374392362
2025-09-28,Parsel_B,0.5481177299532777,0.0,27.9,0.5525161017486819
2025-09-29,Parsel_B,0.5450720922740349,0.0,26.5,0.5487608291050019
2025-09-30,Parsel_B,0.45127901424343597,6.8,20.4,0.5450055564613219
2025-10-01,Parsel_B,0.35748593621283714,0.0,20.5,0.541250283817642
2025-10-02,Parsel_B,0.4237477489393454,0.0,22.3,0.5374950111739619
2025-10-03,Parsel_B,0.4900095616658537,0.0,25.1,0.5337397385302819
2025-10-04,Parsel_B,0.556271374392362,0.0,27.7,0.5299844658866019
2025-10-05,Parsel_B,0.5525161017486819,0.0,23.4,0.5425017926316368
2025-10-06,Parsel_B,0.5487608291050019,0.0,25.2,0.5550191193766718
2025-10-07,Parsel_B,0.5450055564613219,0.0,23.1,0.5675364461217067
2025-10-08,Parsel_B,0.541250283817642,0.9,21.1,0.5930570524975426
2025-10-09,Parsel_B,0.5374950111739619,0.2,17.7,0.6185776588733783
2025-10-10,Parsel_B,0.5337397385302819,0.0,17.4,0.6440982652492142
2025-10-11,Parsel_B,0.5299844658866019,0.0,19.5,0.66961887162505
2025-10-12,Parsel_B,0.5425017926316368,2.4,11.6,0.6951394780008858
2025-10-13,Parsel_B,0.5550191193766718,0.0,14.9,0.6209901815751997
2025-10-14,Parsel_B,0.5675364461217067,0.0,18.2,0.5468408851495135
2025-10-15,Parsel_B,0.5930570524975426,0.0,19.5,0.4726915887238273
2025-10-16,Parsel_B,0.6185776588733783,0.0,20.5,0.3985422922981412
2025-10-17,Parsel_B,0.6440982652492142,0.0,21.1,0.324392995872455
2025-10-18,Parsel_B,0.66961887162505,0.0,22.8,0.3711105406655463
2025-10-19,Parsel_B,0.6951394780008858,0.0,21.4,0.4178280854586375
2025-10-20,Parsel_B,0.6209901815751997,0.0,19.1,0.46454563025172874
2025-10-21,Parsel_B,0.5468408851495135,0.0,19.6,0.51126317504482
2025-10-22,Parsel_B,0.4726915887238273,0.1,22.1,0.5579807198379112
2025-10-23,Parsel_B,0.3985422922981412,0.0,22.8,0.6046982646310024
2025-10-24,Parsel_B,0.324392995872455,0.0,24.0,0.6514158094240937
2025-10-25,Parsel_B,0.3711105406655463,0.0,24.0,0.6512934693655904
2025-10-26,Parsel_B,0.4178280854586375,0.0,21.6,0.6511711293070871
2025-10-27,Parsel_B,0.46454563025172874,0.0,25.1,0.6510487892485838
2025-10-28,Parsel_B,0.51126317504482,0.2,24.5,0.6509264491900806
2025-10-29,Parsel_B,0.5579807198379112,0.0,17.1,0.6508041091315773
2025-10-30,Parsel_B,0.6046982646310024,0.0,17.3,0.650681769073074
2025-10-31,Parsel_B,0.6514158094240937,0.0,21.0,0.6505594290145706
2025-11-01,Parsel_B,0.6512934693655904,0.0,20.1,0.6504370889560673
2025-11-02,Parsel_B,0.6511711293070871,0.0,18.9,0.6308873971458356
2025-11-03,Parsel_B,0.6510487892485838,0.0,23.0,0.6113377053356039
2025-11-04,Parsel_B,0.6509264491900806,0.0,21.5,0.5917880135253721
2025-11-05,Parsel_B,0.6508041091315773,0.0,21.8,0.5722383217151404
2025-11-06,Parsel_B,0.650681769073074,0.0,21.5,0.5526886299049087
2025-11-07,Parsel_B,0.6505594290145706,0.2,22.0,0.5331389380946769
2025-11-08,Parsel_B,0.6504370889560673,0.0,21.1,0.5135892462844452
2025-11-09,Parsel_B,0.6308873971458356,0.0,20.6,0.49403955447421355
2025-11-10,Parsel_B,0.6113377053356039,0.0,22.0,0.47448986266398185
2025-11-11,Parsel_B,0.5917880135253721,0.0,21.5,0.4549401708537501
2025-11-12,Parsel_B,0.5722383217151404,0.0,18.5,0.566839452541342
2025-11-13,Parsel_B,0.5526886299049087,0.3,15.8,0.6787387342289339
2025-11-14,Parsel_B,0.5331389380946769,0.5,12.4,0.5603291947588778
2025-11-15,Parsel_B,0.5135892462844452,0.0,8.1,0.4419196552888215
2025-11-16,Parsel_B,0.49403955447421355,0.0,13.6,0.3235101158187653
2025-11-17,Parsel_B,0.47448986266398185,0.0,16.4,0.3477214203921301
2025-11-18,Parsel_B,0.4549401708537501,0.0,16.8,0.37193272496549484
2025-11-19,Parsel_B,0.566839452541342,0.0,18.2,0.39614402953885963
2025-11-20,Parsel_B,0.6787387342289339,0.0,19.4,0.42035533411222437
2025-11-21,Parsel_B,0.5603291947588778,0.0,20.0,0.44456663868558915
2025-11-22,Parsel_B,0.4419196552888215,0.0,24.2,0.46877794325895394
2025-11-23,Parsel_B,0.3235101158187653,0.0,23.1,0.4929892478323187
2025-11-24,Parsel_B,0.3477214203921301,1.1,20.9,0.5172005524056835
2025-11-25,Parsel_B,0.37193272496549484,0.9,14.7,0.5414118569790483
2025-11-26,Parsel_B,0.39614402953885963,0.0,16.6,0.565623161552413
2025-11-27,Parsel_B,0.42035533411222437,0.0,16.9,0.5688511036142051
2025-11-28,Parsel_B,0.44456663868558915,0.0,16.0,0.5720790456759972
2025-11-29,Parsel_B,0.46877794325895394,0.0,18.7,0.5753069877377893
2025-11-30,Parsel_B,0.4929892478323187,3.9,13.6,0.5785349297995813
2025-12-01,Parsel_B,0.5172005524056835,0.0,12.3,0.5817628718613734
2025-12-02,Parsel_B,0.5414118569790483,0.0,11.6,0.5849908139231655
2025-12-03,Parsel_B,0.565623161552413,0.0,11.4,0.5882187559849577
2025-12-04,Parsel_B,0.5688511036142051,0.0,11.9,0.5914466980467498
2025-12-05,Parsel_B,0.5720790456759972,4.3,13.2,0.5946746401085419
2025-12-06,Parsel_B,0.5753069877377893,15.0,15.1,0.597902582170334
2025-12-07,Parsel_B,0.5785349297995813,0.5,12.4,0.6011305242321261
2025-12-08,Parsel_B,0.5817628718613734,0.0,10.1,0.6043584662939181
2025-12-09,Parsel_B,0.5849908139231655,1.9,7.9,0.6075864083557102
2025-12-10,Parsel_B,0.5882187559849577,0.2,9.2,0.6108143504175023
2025-12-11,Parsel_B,0.5914466980467498,2.0,8.9,0.6140422924792944
2025-12-12,Parsel_B,0.5946746401085419,0.0,8.1,0.5397186522116946
2025-12-13,Parsel_B,0.597902582170334,0.0,8.3,0.4653950119440948
2025-12-14,Parsel_B,0.6011305242321261,0.0,7.4,0.4831672879366844
2025-12-15,Parsel_B,0.6043584662939181,0.1,7.1,0.500939563929274
2025-12-16,Parsel_B,0.6075864083557102,0.0,4.6,0.5187118399218636
2025-12-17,Parsel_B,0.6108143504175023,0.0,4.7,0.5364841159144532
2025-12-18,Parsel_B,0.6140422924792944,0.0,6.3,0.5542563919070428
2025-12-19,Parsel_B,0.5397186522116946,0.0,7.9,0.5720286678996324
2025-12-20,Parsel_B,0.4653950119440948,0.0,7.7,0.5898009438922219
2025-12-21,Parsel_B,0.4831672879366844,0.1,9.4,0.6075732198848116
2025-12-22,Parsel_B,0.500939563929274,0.0,9.4,0.6253454958774012
2025-12-23,Parsel_B,0.5187118399218636,0.0,11.6,0.6431177718699908
2025-12-24,Parsel_B,0.5364841159144532,0.0,10.8,0.6431177718699908
2025-12-25,Parsel_B,0.5542563919070428,0.3,9.9,0.6431177718699908
2025-12-26,Parsel_B,0.5720286678996324,0.8,8.0,0.6431177718699908
2025-12-27,Parsel_B,0.5898009438922219,2.1,3.5,0.6431177718699908
2025-12-28,Parsel_B,0.6075732198848116,0.0,2.5,0.6431177718699908
2025-12-29,Parsel_B,0.6253454958774012,0.9,0.6,0.6431177718699908
2025-12-30,Parsel_B,0.6431177718699908,5.6,7.1,0.6431177718699908
2025-12-31,Parsel_B,0.6431177718699908,35.0,4.7,0.6431177718699908
2026-01-01,Parsel_B,0.6431177718699908,3.0,-0.6,0.6431177718699908
2026-01-02,Parsel_B,0.6431177718699908,0.0,-5.0,0.6431177718699908
2026-01-03,Parsel_B,0.6431177718699908,0.0,2.0,0.6431177718699908
2026-01-04,Parsel_B,0.6431177718699908,0.0,5.6,0.6431177718699908
2026-01-05,Parsel_B,0.6431177718699908,0.0,8.9,0.6431177718699908
2026-01-06,Parsel_B,0.6431177718699908,0.0,10.2,0.6431177718699908
2026-01-07,Parsel_B,0.6431177718699908,0.6,13.1,0.6431177718699908
2026-01-08,Parsel_B,0.6431177718699908,5.9,16.8,0.6431177718699908
2026-01-09,Parsel_B,0.6431177718699908,5.4,7.1,0.6431177718699908
2026-01-10,Parsel_B,0.6431177718699908,0.7,10.4,0.6431177718699908
2026-01-11,Parsel_B,0.6431177718699908,1.8,12.3,0.6431177718699908
2026-01-12,Parsel_B,0.6431177718699908,19.2,6.1,0.6431177718699908
2026-01-13,Parsel_B,0.6431177718699908,0.9,1.5,0.6431177718699908
2026-01-14,Parsel_B,0.6431177718699908,0.0,0.1,0.6431177718699908
2026-01-15,Parsel_B,0.6431177718699908,0.1,3.7,0.6431177718699908
2026-01-16,Parsel_B,0.6431177718699908,0.0,6.8,0.6431177718699908
2026-01-17,Parsel_B,0.6431177718699908,0.6,2.0,0.6431177718699908
2026-01-18,Parsel_B,0.6431177718699908,0.1,-0.3,0.6431177718699908
2026-01-19,Parsel_B,0.6431177718699908,0.0,-0.9,0.6431177718699908
2026-01-20,Parsel_B,0.6431177718699908,0.1,0.2,0.6431177718699908
2026-01-21,Parsel_B,0.6431177718699908,0.0,0.6,0.6431177718699908
2026-01-22,Parsel_B,0.6431177718699908,6.3,9.1,0.6431177718699908
2026-01-23,Parsel_B,0.6431177718699908,5.4,9.7,0.6431177718699908
2026-01-24,Parsel_B,0.6431177718699908,5.7,6.4,0.6431177718699908
2026-01-25,Parsel_B,0.6431177718699908,0.0,11.5,0.6431177718699908
2026-01-26,Parsel_B,0.6431177718699908,0.0,14.6,0.6431177718699908
2026-01-27,Parsel_B,0.6431177718699908,0.8,11.6,0.6431177718699908
2026-01-28,Parsel_B,0.6431177718699908,3.5,9.9,0.6431177718699908
2026-01-29,Parsel_B,0.6431177718699908,0.1,13.0,0.6431177718699908
2025-02-12,Parsel_C,0.6183575543869566,0.6,4.0,0.5543341067534884
2025-02-13,Parsel_C,0.6183575543869566,7.7,0.4,0.5329929575423323
2025-02-14,Parsel_C,0.6183575543869566,0.0,1.1,0.5116518083311763
2025-02-15,Parsel_C,0.6183575543869566,0.0,7.2,0.49031065912002014
2025-02-16,Parsel_C,0.6183575543869566,0.0,10.6,0.4689695099088641
2025-02-17,Parsel_C,0.5970164051758006,0.0,11.8,0.447628360697708
2025-02-18,Parsel_C,0.5756752559646444,3.5,10.6,0.4262872114865519
2025-02-19,Parsel_C,0.5543341067534884,12.6,5.6,0.40494606227539587
2025-02-20,Parsel_C,0.5329929575423323,0.0,1.1,0.42697352534528
2025-02-21,Parsel_C,0.5116518083311763,0.0,-2.3,0.4490009884151641
2025-02-22,Parsel_C,0.49031065912002014,0.0,-2.0,0.47102845148504824
2025-02-23,Parsel_C,0.4689695099088641,0.0,-2.5,0.49305591455493236
2025-02-24,Parsel_C,0.447628360697708,0.0,-1.2,0.5150833776248165
2025-02-25,Parsel_C,0.4262872114865519,0.0,4.2,0.5371108406947006
2025-02-26,Parsel_C,0.40494606227539587,0.0,7.9,0.5591383037645847
2025-02-27,Parsel_C,0.42697352534528,0.0,8.5,0.5811657668344689
2025-02-28,Parsel_C,0.4490009884151641,0.0,9.4,0.603193229904353
2025-03-01,Parsel_C,0.47102845148504824,0.9,10.0,0.6252206929742371
2025-03-02,Parsel_C,0.49305591455493236,0.0,12.6,0.5703754279283766
2025-03-03,Parsel_C,0.5150833776248165,5.5,5.5,0.5155301628825161
2025-03-04,Parsel_C,0.5371108406947006,0.0,9.1,0.4606848978366555
2025-03-05,Parsel_C,0.5591383037645847,0.0,12.6,0.405839632790795
2025-03-06,Parsel_C,0.5811657668344689,0.0,14.6,0.3509943677449345
2025-03-07,Parsel_C,0.603193229904353,0.0,13.9,0.5166227766057685
2025-03-08,Parsel_C,0.6252206929742371,0.0,15.6,0.6822511854666025
2025-03-09,Parsel_C,0.5703754279283766,0.0,18.5,0.6785450115583971
2025-03-10,Parsel_C,0.5155301628825161,0.0,18.5,0.6748388376501916
2025-03-11,Parsel_C,0.4606848978366555,0.0,20.6,0.6711326637419861
2025-03-12,Parsel_C,0.405839632790795,0.0,21.4,0.6674264898337807
2025-03-13,Parsel_C,0.3509943677449345,0.0,22.1,0.6637203159255753
2025-03-14,Parsel_C,0.5166227766057685,0.0,22.8,0.6600141420173699
2025-03-15,Parsel_C,0.6822511854666025,0.0,24.5,0.6563079681091644
2025-03-16,Parsel_C,0.6785450115583971,0.0,27.2,0.652601794200959
2025-03-17,Parsel_C,0.6748388376501916,2.3,23.0,0.5976729383126178
2025-03-18,Parsel_C,0.6711326637419861,0.1,18.4,0.5427440824242765
2025-03-19,Parsel_C,0.6674264898337807,1.4,8.6,0.5376203043229542
2025-03-20,Parsel_C,0.6637203159255753,1.6,0.8,0.5324965262216318
2025-03-21,Parsel_C,0.6600141420173699,0.0,2.8,0.5273727481203093
2025-03-22,Parsel_C,0.6563079681091644,0.0,8.3,0.522248970018987
2025-03-23,Parsel_C,0.652601794200959,0.0,14.2,0.5171251919176646
2025-03-24,Parsel_C,0.5976729383126178,0.0,19.0,0.5120014138163422
2025-03-25,Parsel_C,0.5427440824242765,0.0,22.7,0.5068776357150198
2025-03-26,Parsel_C,0.5376203043229542,0.0,24.5,0.5017538576136974
2025-03-27,Parsel_C,0.5324965262216318,0.0,25.1,0.49663007951237503
2025-03-28,Parsel_C,0.5273727481203093,0.0,25.4,0.4915063014110526
2025-03-29,Parsel_C,0.522248970018987,0.0,20.8,0.48638252330973025
2025-03-30,Parsel_C,0.5171251919176646,0.0,18.5,0.48125874520840783
2025-03-31,Parsel_C,0.5120014138163422,0.6,17.9,0.47613496710708547
2025-04-01,Parsel_C,0.5068776357150198,1.8,19.0,0.4489150434308503
2025-04-02,Parsel_C,0.5017538576136974,0.9,17.3,0.42169511975461516
2025-04-03,Parsel_C,0.49663007951237503,0.3,16.4,0.39447519607838
2025-04-04,Parsel_C,0.4915063014110526,4.2,16.7,0.36725527240214484
2025-04-05,Parsel_C,0.48638252330973025,3.3,17.4,0.3400353487259097
2025-04-06,Parsel_C,0.48125874520840783,0.0,18.0,0.3718817697592012
2025-04-07,Parsel_C,0.47613496710708547,0.0,20.1,0.4037281907924926
2025-04-08,Parsel_C,0.4489150434308503,0.0,20.5,0.4355746118257841
2025-04-09,Parsel_C,0.42169511975461516,3.1,16.1,0.46742103285907555
2025-04-10,Parsel_C,0.39447519607838,5.4,7.1,0.49926745389236704
2025-04-11,Parsel_C,0.36725527240214484,0.3,12.1,0.503629444601673
2025-04-12,Parsel_C,0.3400353487259097,0.0,9.1,0.5079914353109791
2025-04-13,Parsel_C,0.3718817697592012,1.0,9.1,0.5123534260202851
2025-04-14,Parsel_C,0.4037281907924926,0.2,8.6,0.5167154167295912
2025-04-15,Parsel_C,0.4355746118257841,0.0,13.8,0.5210774074388972
2025-04-16,Parsel_C,0.46742103285907555,0.0,17.8,0.5305848148182575
2025-04-17,Parsel_C,0.49926745389236704,0.0,22.4,0.5400922221976177
2025-04-18,Parsel_C,0.503629444601673,0.0,25.0,0.5495996295769779
2025-04-19,Parsel_C,0.5079914353109791,0.0,26.6,0.5591070369563381
2025-04-20,Parsel_C,0.5123534260202851,0.0,22.9,0.5686144443356984
2025-04-21,Parsel_C,0.5167154167295912,0.0,24.2,0.5781218517150586
2025-04-22,Parsel_C,0.5210774074388972,0.0,27.5,0.5876292590944189
2025-04-23,Parsel_C,0.5305848148182575,0.0,26.2,0.597136666473779
2025-04-24,Parsel_C,0.5400922221976177,0.0,25.1,0.6066440738531393
2025-04-25,Parsel_C,0.5495996295769779,0.4,20.5,0.6161514812324995
2025-04-26,Parsel_C,0.5591070369563381,2.1,19.5,0.6256588886118598
2025-04-27,Parsel_C,0.5686144443356984,0.0,21.0,0.63516629599122
2025-04-28,Parsel_C,0.5781218517150586,0.0,22.0,0.6446737033705803
2025-04-29,Parsel_C,0.5876292590944189,21.2,15.9,0.6541811107499405
2025-04-30,Parsel_C,0.597136666473779,3.7,19.0,0.6636885181293007
2025-05-01,Parsel_C,0.6066440738531393,0.1,21.0,0.6344625943482174
2025-05-02,Parsel_C,0.6161514812324995,2.0,18.8,0.605236670567134
2025-05-03,Parsel_C,0.6256588886118598,1.8,17.5,0.5760107467860507
2025-05-04,Parsel_C,0.63516629599122,0.0,20.2,0.5467848230049673
2025-05-05,Parsel_C,0.6446737033705803,0.0,22.1,0.517558899223884
2025-05-06,Parsel_C,0.6541811107499405,0.1,24.8,0.4883329754428006
2025-05-07,Parsel_C,0.6636885181293007,0.0,27.8,0.45910705166171717
2025-05-08,Parsel_C,0.6344625943482174,2.4,22.7,0.4298811278806338
2025-05-09,Parsel_C,0.605236670567134,0.0,28.7,0.40065520409955047
2025-05-10,Parsel_C,0.5760107467860507,1.0,30.4,0.3714292803184671
2025-05-11,Parsel_C,0.5467848230049673,0.4,27.0,0.40610007039328944
2025-05-12,Parsel_C,0.517558899223884,1.5,26.9,0.4407708604681118
2025-05-13,Parsel_C,0.4883329754428006,2.5,20.9,0.47544165054293414
2025-05-14,Parsel_C,0.45910705166171717,0.0,21.2,0.5101124406177565
2025-05-15,Parsel_C,0.4298811278806338,0.0,20.5,0.5447832306925788
2025-05-16,Parsel_C,0.40065520409955047,0.0,27.8,0.4984364023890247
2025-05-17,Parsel_C,0.3714292803184671,0.0,30.0,0.4520895740854705
2025-05-18,Parsel_C,0.40610007039328944,0.0,29.8,0.4057427457819164
2025-05-19,Parsel_C,0.4407708604681118,0.0,23.4,0.3593959174783622
2025-05-20,Parsel_C,0.47544165054293414,0.0,25.7,0.31304908917480806
2025-05-21,Parsel_C,0.5101124406177565,0.0,25.5,0.3269830609068831
2025-05-22,Parsel_C,0.5447832306925788,0.0,28.1,0.3409170326389581
2025-05-23,Parsel_C,0.4984364023890247,0.0,30.0,0.3548510043710332
2025-05-24,Parsel_C,0.4520895740854705,0.0,29.7,0.3687849761031082
2025-05-25,Parsel_C,0.4057427457819164,0.0,32.5,0.38271894783518323
2025-05-26,Parsel_C,0.3593959174783622,0.0,33.2,0.39665291956725823
2025-05-27,Parsel_C,0.31304908917480806,0.0,27.6,0.4105868912993333
2025-05-28,Parsel_C,0.3269830609068831,0.0,23.5,0.42452086303140835
2025-05-29,Parsel_C,0.3409170326389581,6.7,23.6,0.43845483476348335
2025-05-30,Parsel_C,0.3548510043710332,1.7,21.3,0.4523888064955584
2025-05-31,Parsel_C,0.3687849761031082,2.6,21.9,0.5014806270673992
2025-06-01,Parsel_C,0.38271894783518323,10.3,21.3,0.55057244763924
2025-06-02,Parsel_C,0.39665291956725823,0.1,21.2,0.5996642682110807
2025-06-03,Parsel_C,0.4105868912993333,0.0,22.2,0.6487560887829215
2025-06-04,Parsel_C,0.42452086303140835,0.0,24.0,0.6978479093547623
2025-06-05,Parsel_C,0.43845483476348335,0.0,28.0,0.6540257449709744
2025-06-06,Parsel_C,0.4523888064955584,0.0,30.3,0.6102035805871866
2025-06-07,Parsel_C,0.5014806270673992,0.0,30.8,0.595644578533028
2025-06-08,Parsel_C,0.55057244763924,0.0,30.1,0.5810855764788694
2025-06-09,Parsel_C,0.5996642682110807,0.0,32.4,0.5665265744247108
2025-06-10,Parsel_C,0.6487560887829215,0.0,32.2,0.5258521581744258
2025-06-11,Parsel_C,0.6978479093547623,0.0,31.0,0.48517774192414065
2025-06-12,Parsel_C,0.6540257449709744,0.0,32.7,0.44450332567385564
2025-06-13,Parsel_C,0.6102035805871866,0.0,34.5,0.4038289094235706
2025-06-14,Parsel_C,0.595644578533028,0.2,28.7,0.3631544931732855
2025-06-15,Parsel_C,0.5810855764788694,0.0,26.5,0.5024267473997437
2025-06-16,Parsel_C,0.5665265744247108,0.0,25.4,0.6416990016262019
2025-06-17,Parsel_C,0.5258521581744258,0.0,25.5,0.6305153362704365
2025-06-18,Parsel_C,0.48517774192414065,0.0,27.5,0.6193316709146713
2025-06-19,Parsel_C,0.44450332567385564,0.0,29.8,0.608148005558906
2025-06-20,Parsel_C,0.4038289094235706,0.0,31.5,0.5883809494037225
2025-06-21,Parsel_C,0.3631544931732855,0.0,31.6,0.5686138932485391
2025-06-22,Parsel_C,0.5024267473997437,0.0,27.9,0.5488468370933555
2025-06-23,Parsel_C,0.6416990016262019,0.0,27.1,0.529079780938172
2025-06-24,Parsel_C,0.6305153362704365,0.0,29.6,0.5093127247829885
2025-06-25,Parsel_C,0.6193316709146713,0.0,32.8,0.45022913217431637
2025-06-26,Parsel_C,0.608148005558906,0.0,33.6,0.3911455395656443
2025-06-27,Parsel_C,0.5883809494037225,0.0,33.2,0.4122857143146504
2025-06-28,Parsel_C,0.5686138932485391,0.0,31.7,0.4334258890636564
2025-06-29,Parsel_C,0.5488468370933555,0.0,28.2,0.4545660638126625
2025-06-30,Parsel_C,0.529079780938172,0.0,25.4,0.4273099563885437
2025-07-01,Parsel_C,0.5093127247829885,0.0,29.5,0.40005384896442486
2025-07-02,Parsel_C,0.45022913217431637,0.0,28.1,0.372797741540306
2025-07-03,Parsel_C,0.3911455395656443,0.0,25.0,0.34554163411618716
2025-07-04,Parsel_C,0.4122857143146504,0.0,25.5,0.31828552669206833
2025-07-05,Parsel_C,0.4334258890636564,0.0,27.4,0.37634762579202974
2025-07-06,Parsel_C,0.4545660638126625,0.0,30.3,0.4344097248919911
2025-07-07,Parsel_C,0.4273099563885437,0.0,32.0,0.42429433360840835
2025-07-08,Parsel_C,0.40005384896442486,0.0,34.0,0.41417894232482566
2025-07-09,Parsel_C,0.372797741540306,0.0,34.9,0.4040635510412429
2025-07-10,Parsel_C,0.34554163411618716,0.0,36.8,0.4374757939542111
2025-07-11,Parsel_C,0.31828552669206833,0.0,37.5,0.4708880368671792
2025-07-12,Parsel_C,0.37634762579202974,0.0,37.2,0.5043002797801475
2025-07-13,Parsel_C,0.4344097248919911,0.0,38.2,0.5377125226931155
2025-07-14,Parsel_C,0.42429433360840835,0.0,38.3,0.5711247656060837
2025-07-15,Parsel_C,0.41417894232482566,0.0,37.3,0.6244796355812334
2025-07-16,Parsel_C,0.4040635510412429,0.0,33.3,0.677834505556383
2025-07-17,Parsel_C,0.4374757939542111,0.0,33.4,0.6208214253233133
2025-07-18,Parsel_C,0.4708880368671792,0.1,36.2,0.5638083450902436
2025-07-19,Parsel_C,0.5043002797801475,0.0,34.0,0.5067952648571739
2025-07-20,Parsel_C,0.5377125226931155,0.0,33.0,0.4949669039559508
2025-07-21,Parsel_C,0.5711247656060837,0.0,33.6,0.48313854305472775
2025-07-22,Parsel_C,0.6244796355812334,0.0,34.0,0.4713101821535047
2025-07-23,Parsel_C,0.677834505556383,0.0,35.5,0.45948182125228165
2025-07-24,Parsel_C,0.6208214253233133,0.0,35.5,0.4476534603510586
2025-07-25,Parsel_C,0.5638083450902436,0.0,33.4,0.42953191154219844
2025-07-26,Parsel_C,0.5067952648571739,0.0,32.9,0.41141036273333836
2025-07-27,Parsel_C,0.4949669039559508,0.0,36.5,0.39328881392447823
2025-07-28,Parsel_C,0.48313854305472775,0.0,39.2,0.37516726511561815
2025-07-29,Parsel_C,0.4713101821535047,0.0,38.8,0.357045716306758
2025-07-30,Parsel_C,0.45948182125228165,0.0,38.5,0.3646582795423545
2025-07-31,Parsel_C,0.4476534603510586,0.0,36.9,0.3722708427779511
2025-08-01,Parsel_C,0.42953191154219844,0.0,35.8,0.3798834060135476
2025-08-02,Parsel_C,0.41141036273333836,0.0,33.8,0.3874959692491441
2025-08-03,Parsel_C,0.39328881392447823,0.0,33.2,0.3951085324847406
2025-08-04,Parsel_C,0.37516726511561815,0.0,34.0,0.40272109572033715
2025-08-05,Parsel_C,0.357045716306758,0.0,35.7,0.41033365895593366
2025-08-06,Parsel_C,0.3646582795423545,0.0,37.0,0.43425771377782557
2025-08-07,Parsel_C,0.3722708427779511,0.0,36.2,0.45818176859971743
2025-08-08,Parsel_C,0.3798834060135476,0.0,33.8,0.48210582342160935
2025-08-09,Parsel_C,0.3874959692491441,0.0,33.9,0.5104946119689172
2025-08-10,Parsel_C,0.3951085324847406,0.0,34.1,0.5388834005162251
2025-08-11,Parsel_C,0.40272109572033715,0.0,33.7,0.567272189063533
2025-08-12,Parsel_C,0.41033365895593366,0.0,32.9,0.5956609776108409
2025-08-13,Parsel_C,0.43425771377782557,0.0,33.5,0.6240497661581488
2025-08-14,Parsel_C,0.45818176859971743,0.0,35.8,0.5378436275136217
2025-08-15,Parsel_C,0.48210582342160935,0.0,37.2,0.4516374888690946
2025-08-16,Parsel_C,0.5104946119689172,0.0,32.9,0.4227069227523
2025-08-17,Parsel_C,0.5388834005162251,0.0,33.3,0.3937763566355054
2025-08-18,Parsel_C,0.567272189063533,0.0,33.7,0.3648457905187108
2025-08-19,Parsel_C,0.5956609776108409,0.0,32.7,0.3733773982111591
2025-08-20,Parsel_C,0.6240497661581488,0.0,32.7,0.38190900590360743
2025-08-21,Parsel_C,0.5378436275136217,0.0,31.4,0.39044061359605575
2025-08-22,Parsel_C,0.4516374888690946,0.0,33.2,0.398972221288504
2025-08-23,Parsel_C,0.4227069227523,0.0,34.2,0.40750382898095233
2025-08-24,Parsel_C,0.3937763566355054,0.0,33.7,0.41603543667340065
2025-08-25,Parsel_C,0.3648457905187108,0.0,30.0,0.42456704436584897
2025-08-26,Parsel_C,0.3733773982111591,0.0,29.5,0.4323703227321942
2025-08-27,Parsel_C,0.38190900590360743,0.0,29.0,0.4401736010985394
2025-08-28,Parsel_C,0.39044061359605575,0.0,28.5,0.4479768794648847
2025-08-29,Parsel_C,0.398972221288504,0.0,30.9,0.48153062464534563
2025-08-30,Parsel_C,0.40750382898095233,0.0,32.7,0.5150843698258065
2025-08-31,Parsel_C,0.41603543667340065,0.0,33.8,0.5486381150062675
2025-09-01,Parsel_C,0.42456704436584897,0.0,34.5,0.5821918601867284
2025-09-02,Parsel_C,0.4323703227321942,0.0,32.7,0.6157456053671893
2025-09-03,Parsel_C,0.4401736010985394,0.0,29.7,0.6492993505476503
2025-09-04,Parsel_C,0.4479768794648847,0.0,28.0,0.6828530957281111
2025-09-05,Parsel_C,0.48153062464534563,0.0,29.8,0.6588906078549329
2025-09-06,Parsel_C,0.5150843698258065,0.0,32.0,0.6349281199817548
2025-09-07,Parsel_C,0.5486381150062675,0.0,27.5,0.6109656321085766
2025-09-08,Parsel_C,0.5821918601867284,1.3,25.4,0.6239909505305673
2025-09-09,Parsel_C,0.6157456053671893,0.0,25.1,0.6370162689525579
2025-09-10,Parsel_C,0.6492993505476503,0.0,26.5,0.6500415873745486
2025-09-11,Parsel_C,0.6828530957281111,0.0,25.6,0.6630669057965393
2025-09-12,Parsel_C,0.6588906078549329,0.0,28.3,0.67609222421853
2025-09-13,Parsel_C,0.6349281199817548,0.0,29.4,0.6673870519592593
2025-09-14,Parsel_C,0.6109656321085766,0.0,28.2,0.6586818796999887
2025-09-15,Parsel_C,0.6239909505305673,0.0,29.8,0.617375635159567
2025-09-16,Parsel_C,0.6370162689525579,0.0,29.3,0.5760693906191452
2025-09-17,Parsel_C,0.6500415873745486,0.0,29.2,0.5347631460787234
2025-09-18,Parsel_C,0.6630669057965393,0.0,24.7,0.5163292715957327
2025-09-19,Parsel_C,0.67609222421853,0.0,19.6,0.497895397112742
2025-09-20,Parsel_C,0.6673870519592593,0.0,23.0,0.4794615226297513
2025-09-21,Parsel_C,0.6586818796999887,0.0,23.5,0.4610276481467605
2025-09-22,Parsel_C,0.617375635159567,0.0,23.0,0.4425937736637698
2025-09-23,Parsel_C,0.5760693906191452,0.0,27.4,0.5351408573422195
2025-09-24,Parsel_C,0.5347631460787234,0.0,27.8,0.6276879410206693
2025-09-25,Parsel_C,0.5163292715957327,0.0,27.4,0.5871058831083601
2025-09-26,Parsel_C,0.497895397112742,0.0,25.5,0.5465238251960509
2025-09-27,Parsel_C,0.4794615226297513,0.0,23.8,0.5059417672837417
2025-09-28,Parsel_C,0.4610276481467605,0.0,28.0,0.5304534309136627
2025-09-29,Parsel_C,0.4425937736637698,0.0,26.5,0.5549650945435837
2025-09-30,Parsel_C,0.5351408573422195,6.0,20.0,0.5794767581735045
2025-10-01,Parsel_C,0.6276879410206693,0.0,20.5,0.6039884218034255
2025-10-02,Parsel_C,0.5871058831083601,0.0,22.3,0.6285000854333465
2025-10-03,Parsel_C,0.5465238251960509,0.0,25.2,0.6530117490632674
2025-10-04,Parsel_C,0.5059417672837417,0.0,27.8,0.6775234126931884
2025-10-05,Parsel_C,0.5304534309136627,0.0,23.1,0.6613063450536771
2025-10-06,Parsel_C,0.5549650945435837,0.0,24.8,0.6450892774141659
2025-10-07,Parsel_C,0.5794767581735045,0.0,23.4,0.6288722097746546
2025-10-08,Parsel_C,0.6039884218034255,0.5,21.3,0.5799318294400408
2025-10-09,Parsel_C,0.6285000854333465,1.2,17.1,0.530991449105427
2025-10-10,Parsel_C,0.6530117490632674,0.0,17.1,0.4820510687708131
2025-10-11,Parsel_C,0.6775234126931884,0.0,19.0,0.43311068843619926
2025-10-12,Parsel_C,0.6613063450536771,2.5,11.2,0.3841703081015854
2025-10-13,Parsel_C,0.6450892774141659,0.0,14.2,0.3784656827268002
2025-10-14,Parsel_C,0.6288722097746546,0.0,17.9,0.37276105735201503
2025-10-15,Parsel_C,0.5799318294400408,0.0,19.0,0.3670564319772298
2025-10-16,Parsel_C,0.530991449105427,0.0,19.9,0.36135180660244465
2025-10-17,Parsel_C,0.4820510687708131,0.0,20.9,0.3556471812276594
2025-10-18,Parsel_C,0.43311068843619926,0.0,22.4,0.37890336353057924
2025-10-19,Parsel_C,0.3841703081015854,0.0,21.0,0.40215954583349905
2025-10-20,Parsel_C,0.3784656827268002,0.0,18.6,0.4254157281364188
2025-10-21,Parsel_C,0.37276105735201503,0.0,19.2,0.44867191043933863
2025-10-22,Parsel_C,0.3670564319772298,0.3,22.0,0.47192809274225844
2025-10-23,Parsel_C,0.36135180660244465,0.0,22.6,0.49518427504517826
2025-10-24,Parsel_C,0.3556471812276594,0.0,23.8,0.5184404573480981
2025-10-25,Parsel_C,0.37890336353057924,0.0,23.7,0.527000640487182
2025-10-26,Parsel_C,0.40215954583349905,0.0,21.6,0.5355608236262659
2025-10-27,Parsel_C,0.4254157281364188,0.0,24.8,0.5441210067653497
2025-10-28,Parsel_C,0.44867191043933863,0.1,24.3,0.5526811899044336
2025-10-29,Parsel_C,0.47192809274225844,0.0,16.8,0.5612413730435175
2025-10-30,Parsel_C,0.49518427504517826,0.0,16.6,0.5698015561826013
2025-10-31,Parsel_C,0.5184404573480981,0.0,20.7,0.5783617393216852
2025-11-01,Parsel_C,0.527000640487182,0.0,19.8,0.5869219224607691
2025-11-02,Parsel_C,0.5355608236262659,0.0,18.4,0.5584668192865667
2025-11-03,Parsel_C,0.5441210067653497,0.0,22.5,0.5300117161123643
2025-11-04,Parsel_C,0.5526811899044336,0.0,21.5,0.5015566129381619
2025-11-05,Parsel_C,0.5612413730435175,0.0,21.5,0.47310150976395937
2025-11-06,Parsel_C,0.5698015561826013,0.0,21.8,0.44464640658975696
2025-11-07,Parsel_C,0.5783617393216852,0.3,22.1,0.41619130341555455
2025-11-08,Parsel_C,0.5869219224607691,0.0,20.1,0.38773620024135214
2025-11-09,Parsel_C,0.5584668192865667,0.0,19.7,0.35928109706714967
2025-11-10,Parsel_C,0.5300117161123643,0.0,21.0,0.33082599389294726
2025-11-11,Parsel_C,0.5015566129381619,0.1,21.5,0.3023708907187448
2025-11-12,Parsel_C,0.47310150976395937,0.1,18.0,0.34637208022111576
2025-11-13,Parsel_C,0.44464640658975696,0.1,15.6,0.3903732697234868
2025-11-14,Parsel_C,0.41619130341555455,0.1,12.1,0.39569748667504917
2025-11-15,Parsel_C,0.38773620024135214,0.0,7.9,0.4010217036266115
2025-11-16,Parsel_C,0.35928109706714967,0.0,12.8,0.40634592057817387
2025-11-17,Parsel_C,0.33082599389294726,0.0,15.9,0.4115821392301662
2025-11-18,Parsel_C,0.3023708907187448,0.0,16.5,0.4168183578821585
2025-11-19,Parsel_C,0.34637208022111576,0.0,17.4,0.4220545765341508
2025-11-20,Parsel_C,0.3903732697234868,0.0,19.1,0.4272907951861431
2025-11-21,Parsel_C,0.39569748667504917,0.0,19.7,0.4325270138381354
2025-11-22,Parsel_C,0.4010217036266115,0.0,24.3,0.4377632324901277
2025-11-23,Parsel_C,0.40634592057817387,0.0,23.0,0.4429994511421201
2025-11-24,Parsel_C,0.4115821392301662,1.1,20.6,0.4482356697941124
2025-11-25,Parsel_C,0.4168183578821585,1.1,14.4,0.4534718884461047
2025-11-26,Parsel_C,0.4220545765341508,0.0,16.3,0.458708107098097
2025-11-27,Parsel_C,0.4272907951861431,0.0,16.1,0.47405603744278174
2025-11-28,Parsel_C,0.4325270138381354,0.0,15.4,0.4894039677874665
2025-11-29,Parsel_C,0.4377632324901277,0.0,18.0,0.5047518981321512
2025-11-30,Parsel_C,0.4429994511421201,7.0,13.4,0.5200998284768359
2025-12-01,Parsel_C,0.4482356697941124,1.0,11.9,0.5354477588215206
2025-12-02,Parsel_C,0.4534718884461047,0.0,11.1,0.5507956891662054
2025-12-03,Parsel_C,0.458708107098097,0.0,11.1,0.5661436195108901
2025-12-04,Parsel_C,0.47405603744278174,0.0,11.4,0.5814915498555748
2025-12-05,Parsel_C,0.4894039677874665,0.9,13.2,0.5968394802002596
2025-12-06,Parsel_C,0.5047518981321512,9.7,14.9,0.6121874105449443
2025-12-07,Parsel_C,0.5200998284768359,0.3,12.0,0.6275353408896289
2025-12-08,Parsel_C,0.5354477588215206,0.0,10.2,0.6428832712343138
2025-12-09,Parsel_C,0.5507956891662054,1.6,7.9,0.6582312015789984
2025-12-10,Parsel_C,0.5661436195108901,0.0,9.4,0.6735791319236831
2025-12-11,Parsel_C,0.5814915498555748,1.1,8.8,0.6889270622683679
2025-12-12,Parsel_C,0.5968394802002596,0.0,7.9,0.6764662000347406
2025-12-13,Parsel_C,0.6121874105449443,0.0,8.5,0.6640053378011133
2025-12-14,Parsel_C,0.6275353408896289,0.0,6.8,0.6499560489956192
2025-12-15,Parsel_C,0.6428832712343138,0.0,7.1,0.6359067601901252
2025-12-16,Parsel_C,0.6582312015789984,0.0,4.4,0.6218574713846311
2025-12-17,Parsel_C,0.6735791319236831,0.0,4.9,0.607808182579137
2025-12-18,Parsel_C,0.6889270622683679,0.0,5.9,0.593758893773643
2025-12-19,Parsel_C,0.6764662000347406,0.0,7.5,0.5797096049681489
2025-12-20,Parsel_C,0.6640053378011133,0.0,7.6,0.5656603161626549
2025-12-21,Parsel_C,0.6499560489956192,0.1,9.9,0.5516110273571608
2025-12-22,Parsel_C,0.6359067601901252,0.0,8.9,0.5375617385516668
2025-12-23,Parsel_C,0.6218574713846311,0.0,11.2,0.5235124497461727
2025-12-24,Parsel_C,0.607808182579137,0.1,10.3,0.5235124497461727
2025-12-25,Parsel_C,0.593758893773643,0.1,9.9,0.5235124497461727
2025-12-26,Parsel_C,0.5797096049681489,0.5,7.9,0.5235124497461727
2025-12-27,Parsel_C,0.5656603161626549,1.8,3.5,0.5235124497461727
2025-12-28,Parsel_C,0.5516110273571608,0.0,2.5,0.5235124497461727
2025-12-29,Parsel_C,0.5375617385516668,1.2,0.3,0.5235124497461727
2025-12-30,Parsel_C,0.5235124497461727,6.4,6.1,0.5235124497461727
2025-12-31,Parsel_C,0.5235124497461727,39.1,4.1,0.5235124497461727
2026-01-01,Parsel_C,0.5235124497461727,1.9,-0.4,0.5235124497461727
2026-01-02,Parsel_C,0.5235124497461727,0.0,-5.3,0.5235124497461727
2026-01-03,Parsel_C,0.5235124497461727,0.0,0.4,0.5235124497461727
2026-01-04,Parsel_C,0.5235124497461727,0.0,4.6,0.5235124497461727
2026-01-05,Parsel_C,0.5235124497461727,0.0,6.8,0.5235124497461727
2026-01-06,Parsel_C,0.5235124497461727,0.0,9.2,0.5235124497461727
2026-01-07,Parsel_C,0.5235124497461727,0.0,11.7,0.5235124497461727
2026-01-08,Parsel_C,0.5235124497461727,4.2,16.5,0.5235124497461727
2026-01-09,Parsel_C,0.5235124497461727,5.7,6.5,0.5235124497461727
2026-01-10,Parsel_C,0.5235124497461727,0.0,9.6,0.5235124497461727
2026-01-11,Parsel_C,0.5235124497461727,2.0,12.2,0.5235124497461727
2026-01-12,Parsel_C,0.5235124497461727,19.9,5.8,0.5235124497461727
2026-01-13,Parsel_C,0.5235124497461727,0.4,0.4,0.5235124497461727
2026-01-14,Parsel_C,0.5235124497461727,0.0,-0.2,0.5235124497461727
2026-01-15,Parsel_C,0.5235124497461727,0.0,2.7,0.5235124497461727
2026-01-16,Parsel_C,0.5235124497461727,0.0,6.2,0.5235124497461727
2026-01-17,Parsel_C,0.5235124497461727,0.7,1.8,0.5235124497461727
2026-01-18,Parsel_C,0.5235124497461727,0.1,-0.9,0.5235124497461727
2026-01-19,Parsel_C,0.5235124497461727,0.0,-1.4,0.5235124497461727
2026-01-20,Parsel_C,0.5235124497461727,0.0,0.1,0.5235124497461727
2026-01-21,Parsel_C,0.5235124497461727,0.0,0.2,0.5235124497461727
2026-01-22,Parsel_C,0.5235124497461727,3.4,8.9,0.5235124497461727
2026-01-23,Parsel_C,0.5235124497461727,4.8,9.6,0.5235124497461727
2026-01-24,Parsel_C,0.5235124497461727,1.8,8.1,0.5235124497461727
2026-01-25,Parsel_C,0.5235124497461727,0.0,11.1,0.5235124497461727
2026-01-26,Parsel_C,0.5235124497461727,0.0,13.9,0.5235124497461727
2026-01-27,Parsel_C,0.5235124497461727,1.2,11.9,0.5235124497461727
2026-01-28,Parsel_C,0.5235124497461727,8.3,9.9,0.5235124497461727
2026-01-29,Parsel_C,0.5235124497461727,0.1,12.5,0.5235124497461727
